[{"model": "product.product", "pk": 1, "fields": {"created_at": "2023-07-05T23:06:56.206Z", "update_at": "2023-07-05T23:06:56.206Z", "title": "nike sport bags", "brand": "nike", "category": 5, "status": "New", "description": "Lorem Ipsum is simply dummy text of the printing and typesetting industry. Lorem Ipsum has been the industry's standard dummy text ever since the 1500s, when an unknown printer took a galley of type and scrambled it to make a type specimen book. It has su", "detail": "<p><strong>Lorem Ipsum</strong>&nbsp;is simply dummy text of the printing and typesetting industry. Lorem Ipsum has been the industry&#39;s standard dummy text ever since the 1500s, when an unknown printer took a galley of type and scrambled it to make a type specimen book. It has survived not only five centuries, but also the leap into electronic typesetting, remaining essentially unchanged. It was popularised in the 1960s with the release of Letraset sheets containing Lorem Ipsum passages, and more recently with desktop publishing software like Aldus PageMaker including versions of Lorem Ipsum.<strong>Lorem Ipsum</strong>&nbsp;is simply dummy text of the printing and typesetting industry. Lorem Ipsum has been the industry&#39;s standard dummy text ever since the 1500s, when an unknown printer took a galley of type and scrambled it to make a type specimen book. It has survived not only five centuries, but also the leap into electronic typesetting, remaining essentially unchanged. It was popularised in the 1960s with the release of Letraset sheets containing Lorem Ipsum passages, and more recently with desktop publishing software like Aldus PageMaker including versions of Lorem Ipsum.</p>", "slug": "nike-sport-bags"}}, {"model": "product.product", "pk": 2, "fields": {"created_at": "2023-07-05T23:07:28.627Z", "update_at": "2023-07-05T23:07:28.627Z", "title": "adidas travel bag", "brand": "adidas", "category": 6, "status": "New", "description": "Lorem Ipsum is simply dummy text of the printing and typesetting industry. Lorem Ipsum has been the industry's standard dummy text ever since the 1500s, when an unknown printer took a galley of type and scrambled it to make a type specimen book. It has su", "detail": "<p><strong>Lorem Ipsum</strong>&nbsp;is simply dummy text of the printing and typesetting industry. Lorem Ipsum has been the industry&#39;s standard dummy text ever since the 1500s, when an unknown printer took a galley of type and scrambled it to make a type specimen book. It has survived not only five centuries, but also the leap into electronic typesetting, remaining essentially unchanged. It was popularised in the 1960s with the release of Letraset sheets containing Lorem Ipsum passages, and more recently with desktop publishing software like Aldus PageMaker including versions of Lorem Ipsum.<strong>Lorem Ipsum</strong>&nbsp;is simply dummy text of the printing and typesetting industry. Lorem Ipsum has been the industry&#39;s standard dummy text ever since the 1500s, when an unknown printer took a galley of type and scrambled it to make a type specimen book. It has survived not only five centuries, but also the leap into electronic typesetting, remaining essentially unchanged. It was popularised in the 1960s with the release of Letraset sheets containing Lorem Ipsum passages, and more recently with desktop publishing software like Aldus PageMaker including versions of Lorem Ipsum.</p>", "slug": "adidas-travel-bag"}}, {"model": "product.product", "pk": 3, "fields": {"created_at": "2023-07-05T23:08:04.163Z", "update_at": "2023-07-05T23:08:04.163Z", "title": "under armor sport bag", "brand": "underarmor", "category": 5, "status": "New", "description": "Lorem Ipsum is simply dummy text of the printing and typesetting industry. Lorem Ipsum has been the industry's standard dummy text ever since the 1500s, when an unknown printer took a galley of type and scrambled it to make a type specimen book. It has su", "detail": "<p><strong>Lorem Ipsum</strong>&nbsp;is simply dummy text of the printing and typesetting industry. Lorem Ipsum has been the industry&#39;s standard dummy text ever since the 1500s, when an unknown printer took a galley of type and scrambled it to make a type specimen book. It has survived not only five centuries, but also the leap into electronic typesetting, remaining essentially unchanged. It was popularised in the 1960s with the release of Letraset sheets containing Lorem Ipsum passages, and more recently with desktop publishing software like Aldus PageMaker including versions of Lorem Ipsum.<strong>Lorem Ipsum</strong>&nbsp;is simply dummy text of the printing and typesetting industry. Lorem Ipsum has been the industry&#39;s standard dummy text ever since the 1500s, when an unknown printer took a galley of type and scrambled it to make a type specimen book. It has survived not only five centuries, but also the leap into electronic typesetting, remaining essentially unchanged. It was popularised in the 1960s with the release of Letraset sheets containing Lorem Ipsum passages, and more recently with desktop publishing software like Aldus PageMaker including versions of Lorem Ipsum.</p>", "slug": "under-armor-sport-bag"}}, {"model": "product.product", "pk": 4, "fields": {"created_at": "2023-07-05T23:08:48.112Z", "update_at": "2023-07-05T23:08:48.112Z", "title": "lacoste wallet", "brand": "lacoste", "category": 8, "status": "New", "description": "Lorem Ipsum is simply dummy text of the printing and typesetting industry. Lorem Ipsum has been the industry's standard dummy text ever since the 1500s, when an unknown printer took a galley of type and scrambled it to make a type specimen book. It has su", "detail": "<p><strong>Lorem Ipsum</strong>&nbsp;is simply dummy text of the printing and typesetting industry. Lorem Ipsum has been the industry&#39;s standard dummy text ever since the 1500s, when an unknown printer took a galley of type and scrambled it to make a type specimen book. It has survived not only five centuries, but also the leap into electronic typesetting, remaining essentially unchanged. It was popularised in the 1960s with the release of Letraset sheets containing Lorem Ipsum passages, and more recently with desktop publishing software like Aldus PageMaker including versions of Lorem Ipsum.<strong>Lorem Ipsum</strong>&nbsp;is simply dummy text of the printing and typesetting industry. Lorem Ipsum has been the industry&#39;s standard dummy text ever since the 1500s, when an unknown printer took a galley of type and scrambled it to make a type specimen book. It has survived not only five centuries, but also the leap into electronic typesetting, remaining essentially unchanged. It was popularised in the 1960s with the release of Letraset sheets containing Lorem Ipsum passages, and more recently with desktop publishing software like Aldus PageMaker including versions of Lorem Ipsum.</p>", "slug": "lacoste-wallet"}}, {"model": "product.product", "pk": 5, "fields": {"created_at": "2023-07-05T23:09:15.929Z", "update_at": "2023-07-05T23:09:15.929Z", "title": "zara women purses", "brand": "zara", "category": 7, "status": "True", "description": "Lorem Ipsum is simply dummy text of the printing and typesetting industry. Lorem Ipsum has been the industry's standard dummy text ever since the 1500s, when an unknown printer took a galley of type and scrambled it to make a type specimen book. It has su", "detail": "<p><strong>Lorem Ipsum</strong>&nbsp;is simply dummy text of the printing and typesetting industry. Lorem Ipsum has been the industry&#39;s standard dummy text ever since the 1500s, when an unknown printer took a galley of type and scrambled it to make a type specimen book. It has survived not only five centuries, but also the leap into electronic typesetting, remaining essentially unchanged. It was popularised in the 1960s with the release of Letraset sheets containing Lorem Ipsum passages, and more recently with desktop publishing software like Aldus PageMaker including versions of Lorem Ipsum.<strong>Lorem Ipsum</strong>&nbsp;is simply dummy text of the printing and typesetting industry. Lorem Ipsum has been the industry&#39;s standard dummy text ever since the 1500s, when an unknown printer took a galley of type and scrambled it to make a type specimen book. It has survived not only five centuries, but also the leap into electronic typesetting, remaining essentially unchanged. It was popularised in the 1960s with the release of Letraset sheets containing Lorem Ipsum passages, and more recently with desktop publishing software like Aldus PageMaker including versions of Lorem Ipsum.</p>", "slug": "zara-women-purses"}}, {"model": "product.product", "pk": 6, "fields": {"created_at": "2023-07-05T23:10:20.533Z", "update_at": "2023-07-05T23:10:20.533Z", "title": "pilot case", "brand": "azal", "category": 3, "status": "New", "description": "Lorem Ipsum is simply dummy text of the printing and typesetting industry. Lorem Ipsum has been the industry's standard dummy text ever since the 1500s, when an unknown printer took a galley of type and scrambled it to make a type specimen book. It has su", "detail": "<p><strong>Lorem Ipsum</strong>&nbsp;is simply dummy text of the printing and typesetting industry. Lorem Ipsum has been the industry&#39;s standard dummy text ever since the 1500s, when an unknown printer took a galley of type and scrambled it to make a type specimen book. It has survived not only five centuries, but also the leap into electronic typesetting, remaining essentially unchanged. It was popularised in the 1960s with the release of Letraset sheets containing Lorem Ipsum passages, and more recently with desktop publishing software like Aldus PageMaker including versions of Lorem Ipsum.<strong>Lorem Ipsum</strong>&nbsp;is simply dummy text of the printing and typesetting industry. Lorem Ipsum has been the industry&#39;s standard dummy text ever since the 1500s, when an unknown printer took a galley of type and scrambled it to make a type specimen book. It has survived not only five centuries, but also the leap into electronic typesetting, remaining essentially unchanged. It was popularised in the 1960s with the release of Letraset sheets containing Lorem Ipsum passages, and more recently with desktop publishing software like Aldus PageMaker including versions of Lorem Ipsum.</p>", "slug": "pilot-case"}}, {"model": "product.product", "pk": 7, "fields": {"created_at": "2023-07-05T23:10:55.874Z", "update_at": "2023-07-05T23:10:55.874Z", "title": "gucci makasin", "brand": "gucci", "category": 9, "status": "False", "description": "Lorem Ipsum is simply dummy text of the printing and typesetting industry. Lorem Ipsum has been the industry's standard dummy text ever since the 1500s, when an unknown printer took a galley of type and scrambled it to make a type specimen book. It has su", "detail": "<p><strong>Lorem Ipsum</strong>&nbsp;is simply dummy text of the printing and typesetting industry. Lorem Ipsum has been the industry&#39;s standard dummy text ever since the 1500s, when an unknown printer took a galley of type and scrambled it to make a type specimen book. It has survived not only five centuries, but also the leap into electronic typesetting, remaining essentially unchanged. It was popularised in the 1960s with the release of Letraset sheets containing Lorem Ipsum passages, and more recently with desktop publishing software like Aldus PageMaker including versions of Lorem Ipsum.<strong>Lorem Ipsum</strong>&nbsp;is simply dummy text of the printing and typesetting industry. Lorem Ipsum has been the industry&#39;s standard dummy text ever since the 1500s, when an unknown printer took a galley of type and scrambled it to make a type specimen book. It has survived not only five centuries, but also the leap into electronic typesetting, remaining essentially unchanged. It was popularised in the 1960s with the release of Letraset sheets containing Lorem Ipsum passages, and more recently with desktop publishing software like Aldus PageMaker including versions of Lorem Ipsum.</p>", "slug": "gucci-makasin"}}, {"model": "product.product", "pk": 8, "fields": {"created_at": "2023-07-05T23:11:13.165Z", "update_at": "2023-07-05T23:11:13.166Z", "title": "air jordan", "brand": "nike", "category": 10, "status": "New", "description": "Lorem Ipsum is simply dummy text of the printing and typesetting industry. Lorem Ipsum has been the industry's standard dummy text ever since the 1500s, when an unknown printer took a galley of type and scrambled it to make a type specimen book. It has su", "detail": "<p><strong>Lorem Ipsum</strong>&nbsp;is simply dummy text of the printing and typesetting industry. Lorem Ipsum has been the industry&#39;s standard dummy text ever since the 1500s, when an unknown printer took a galley of type and scrambled it to make a type specimen book. It has survived not only five centuries, but also the leap into electronic typesetting, remaining essentially unchanged. It was popularised in the 1960s with the release of Letraset sheets containing Lorem Ipsum passages, and more recently with desktop publishing software like Aldus PageMaker including versions of Lorem Ipsum.<strong>Lorem Ipsum</strong>&nbsp;is simply dummy text of the printing and typesetting industry. Lorem Ipsum has been the industry&#39;s standard dummy text ever since the 1500s, when an unknown printer took a galley of type and scrambled it to make a type specimen book. It has survived not only five centuries, but also the leap into electronic typesetting, remaining essentially unchanged. It was popularised in the 1960s with the release of Letraset sheets containing Lorem Ipsum passages, and more recently with desktop publishing software like Aldus PageMaker including versions of Lorem Ipsum.</p>", "slug": "air-jordan"}}, {"model": "product.product", "pk": 9, "fields": {"created_at": "2023-07-05T23:12:53.032Z", "update_at": "2023-07-05T23:12:53.032Z", "title": "louis vuitton shoes", "brand": "louis vuitton", "category": 9, "status": "New", "description": "Lorem Ipsum is simply dummy text of the printing and typesetting industry. Lorem Ipsum has been the industry's standard dummy text ever since the 1500s, when an unknown printer took a galley of type and scrambled it to make a type specimen book. It has su", "detail": "<p><strong>Lorem Ipsum</strong>&nbsp;is simply dummy text of the printing and typesetting industry. Lorem Ipsum has been the industry&#39;s standard dummy text ever since the 1500s, when an unknown printer took a galley of type and scrambled it to make a type specimen book. It has survived not only five centuries, but also the leap into electronic typesetting, remaining essentially unchanged. It was popularised in the 1960s with the release of Letraset sheets containing Lorem Ipsum passages, and more recently with desktop publishing software like Aldus PageMaker including versions of Lorem Ipsum.<strong>Lorem Ipsum</strong>&nbsp;is simply dummy text of the printing and typesetting industry. Lorem Ipsum has been the industry&#39;s standard dummy text ever since the 1500s, when an unknown printer took a galley of type and scrambled it to make a type specimen book. It has survived not only five centuries, but also the leap into electronic typesetting, remaining essentially unchanged. It was popularised in the 1960s with the release of Letraset sheets containing Lorem Ipsum passages, and more recently with desktop publishing software like Aldus PageMaker including versions of Lorem Ipsum.</p>", "slug": "louis-vuitton-shoes"}}, {"model": "product.product", "pk": 10, "fields": {"created_at": "2023-07-05T23:14:20.966Z", "update_at": "2023-07-05T23:14:20.966Z", "title": "abibas sportivni", "brand": "sederey", "category": 1, "status": "True", "description": "temiz turecski keyfiyetli modeldi", "detail": "<p><strong>Lorem Ipsum</strong>&nbsp;is simply dummy text of the printing and typesetting industry. Lorem Ipsum has been the industry&#39;s standard dummy text ever since the 1500s, when an unknown printer took a galley of type and scrambled it to make a type specimen book. It has survived not only five centuries, but also the leap into electronic typesetting, remaining essentially unchanged. It was popularised in the 1960s with the release of Letraset sheets containing Lorem Ipsum passages, and more recently with desktop publishing software like Aldus PageMaker including versions of Lorem Ipsum.</p>", "slug": "abibas-sportivni"}}, {"model": "product.product", "pk": 11, "fields": {"created_at": "2023-07-05T23:14:41.738Z", "update_at": "2023-07-05T23:14:41.738Z", "title": "perkar kastyum", "brand": "perkar", "category": 11, "status": "New", "description": "Lorem Ipsum is simply dummy text of the printing and typesetting industry. Lorem Ipsum has been the industry's standard dummy text ever since the 1500s, when an unknown printer took a galley of type and scrambled it to make a type specimen book. It has su", "detail": "<p><strong>Lorem Ipsum</strong>&nbsp;is simply dummy text of the printing and typesetting industry. Lorem Ipsum has been the industry&#39;s standard dummy text ever since the 1500s, when an unknown printer took a galley of type and scrambled it to make a type specimen book. It has survived not only five centuries, but also the leap into electronic typesetting, remaining essentially unchanged. It was popularised in the 1960s with the release of Letraset sheets containing Lorem Ipsum passages, and more recently with desktop publishing software like Aldus PageMaker including versions of Lorem Ipsum.<strong>Lorem Ipsum</strong>&nbsp;is simply dummy text of the printing and typesetting industry. Lorem Ipsum has been the industry&#39;s standard dummy text ever since the 1500s, when an unknown printer took a galley of type and scrambled it to make a type specimen book. It has survived not only five centuries, but also the leap into electronic typesetting, remaining essentially unchanged. It was popularised in the 1960s with the release of Letraset sheets containing Lorem Ipsum passages, and more recently with desktop publishing software like Aldus PageMaker including versions of Lorem Ipsum.</p>", "slug": "perkar-kastyum"}}, {"model": "product.product", "pk": 12, "fields": {"created_at": "2023-07-05T23:15:18.696Z", "update_at": "2023-07-05T23:15:18.696Z", "title": "kotton sarocka", "brand": "kotton", "category": 12, "status": "True", "description": "Lorem Ipsum is simply dummy text of the printing and typesetting industry. Lorem Ipsum has been the industry's standard dummy text ever since the 1500s, when an unknown printer took a galley of type and scrambled it to make a type specimen book. It has su", "detail": "<p><strong>Lorem Ipsum</strong>&nbsp;is simply dummy text of the printing and typesetting industry. Lorem Ipsum has been the industry&#39;s standard dummy text ever since the 1500s, when an unknown printer took a galley of type and scrambled it to make a type specimen book. It has survived not only five centuries, but also the leap into electronic typesetting, remaining essentially unchanged. It was popularised in the 1960s with the release of Letraset sheets containing Lorem Ipsum passages, and more recently with desktop publishing software like Aldus PageMaker including versions of Lorem Ipsum.<strong>Lorem Ipsum</strong>&nbsp;is simply dummy text of the printing and typesetting industry. Lorem Ipsum has been the industry&#39;s standard dummy text ever since the 1500s, when an unknown printer took a galley of type and scrambled it to make a type specimen book. It has survived not only five centuries, but also the leap into electronic typesetting, remaining essentially unchanged. It was popularised in the 1960s with the release of Letraset sheets containing Lorem Ipsum passages, and more recently with desktop publishing software like Aldus PageMaker including versions of Lorem Ipsum.</p>", "slug": "kotton-sarocka"}}, {"model": "product.product", "pk": 13, "fields": {"created_at": "2023-07-05T23:16:17.248Z", "update_at": "2023-07-05T23:16:17.248Z", "title": "hugo boss wedding suit", "brand": "hugo boss", "category": 13, "status": "New", "description": "Lorem Ipsum is simply dummy text of the printing and typesetting industry. Lorem Ipsum has been the industry's standard dummy text ever since the 1500s, when an unknown printer took a galley of type and scrambled it to make a type specimen book. It has su", "detail": "<p><strong>Lorem Ipsum</strong>&nbsp;is simply dummy text of the printing and typesetting industry. Lorem Ipsum has been the industry&#39;s standard dummy text ever since the 1500s, when an unknown printer took a galley of type and scrambled it to make a type specimen book. It has survived not only five centuries, but also the leap into electronic typesetting, remaining essentially unchanged. It was popularised in the 1960s with the release of Letraset sheets containing Lorem Ipsum passages, and more recently with desktop publishing software like Aldus PageMaker including versions of Lorem Ipsum.<strong>Lorem Ipsum</strong>&nbsp;is simply dummy text of the printing and typesetting industry. Lorem Ipsum has been the industry&#39;s standard dummy text ever since the 1500s, when an unknown printer took a galley of type and scrambled it to make a type specimen book. It has survived not only five centuries, but also the leap into electronic typesetting, remaining essentially unchanged. It was popularised in the 1960s with the release of Letraset sheets containing Lorem Ipsum passages, and more recently with desktop publishing software like Aldus PageMaker including versions of Lorem Ipsum.</p>", "slug": "hugo-boss-wedding-suit"}}, {"model": "product.product", "pk": 14, "fields": {"created_at": "2023-07-05T23:17:05.872Z", "update_at": "2023-07-05T23:17:05.872Z", "title": "emporio kostyum", "brand": "emporio", "category": 11, "status": "True", "description": "Lorem Ipsum is simply dummy text of the printing and typesetting industry. Lorem Ipsum has been the industry's standard dummy text ever since the 1500s, when an unknown printer took a galley of type and scrambled it to make a type specimen book. It has su", "detail": "<p><strong>Lorem Ipsum</strong>&nbsp;is simply dummy text of the printing and typesetting industry. Lorem Ipsum has been the industry&#39;s standard dummy text ever since the 1500s, when an unknown printer took a galley of type and scrambled it to make a type specimen book. It has survived not only five centuries, but also the leap into electronic typesetting, remaining essentially unchanged. It was popularised in the 1960s with the release of Letraset sheets containing Lorem Ipsum passages, and more recently with desktop publishing software like Aldus PageMaker including versions of Lorem Ipsum.</p>", "slug": "emporio-kostyum"}}, {"model": "product.product", "pk": 15, "fields": {"created_at": "2023-07-05T23:17:55.356Z", "update_at": "2023-07-05T23:17:55.356Z", "title": "rolex submariner", "brand": "rolex", "category": 4, "status": "New", "description": "Lorem Ipsum is simply dummy text of the printing and typesetting industry. Lorem Ipsum has been the industry's standard dummy text ever since the 1500s, when an unknown printer took a galley of type and scrambled it to make a type specimen book. It has su", "detail": "<p><strong>Lorem Ipsum</strong>&nbsp;is simply dummy text of the printing and typesetting industry. Lorem Ipsum has been the industry&#39;s standard dummy text ever since the 1500s, when an unknown printer took a galley of type and scrambled it to make a type specimen book. It has survived not only five centuries, but also the leap into electronic typesetting, remaining essentially unchanged. It was popularised in the 1960s with the release of Letraset sheets containing Lorem Ipsum passages, and more recently with desktop publishing software like Aldus PageMaker including versions of Lorem Ipsum.</p>", "slug": "rolex-submariner"}}, {"model": "product.product", "pk": 16, "fields": {"created_at": "2023-07-05T23:18:37.299Z", "update_at": "2023-07-05T23:18:37.299Z", "title": "tissot prx", "brand": "tissot", "category": 4, "status": "New", "description": "Lorem Ipsum is simply dummy text of the printing and typesetting industry. Lorem Ipsum has been the industry's standard dummy text ever since the 1500s, when an unknown printer took a galley of type and scrambled it to make a type specimen book. It has su", "detail": "<p><strong>Lorem Ipsum</strong>&nbsp;is simply dummy text of the printing and typesetting industry. Lorem Ipsum has been the industry&#39;s standard dummy text ever since the 1500s, when an unknown printer took a galley of type and scrambled it to make a type specimen book. It has survived not only five centuries, but also the leap into electronic typesetting, remaining essentially unchanged. It was popularised in the 1960s with the release of Letraset sheets containing Lorem Ipsum passages, and more recently with desktop publishing software like Aldus PageMaker including versions of Lorem Ipsum.</p>", "slug": "tissot-prx"}}, {"model": "product.product", "pk": 17, "fields": {"created_at": "2023-07-05T23:19:36.909Z", "update_at": "2023-07-05T23:19:36.909Z", "title": "rotary henley", "brand": "rotary", "category": 4, "status": "New", "description": "Lorem Ipsum is simply dummy text of the printing and typesetting industry. Lorem Ipsum has been the industry's standard dummy text ever since the 1500s, when an unknown printer took a galley of type and scrambled it to make a type specimen book. It has su", "detail": "<p><strong>Lorem Ipsum</strong>&nbsp;is simply dummy text of the printing and typesetting industry. Lorem Ipsum has been the industry&#39;s standard dummy text ever since the 1500s, when an unknown printer took a galley of type and scrambled it to make a type specimen book. It has survived not only five centuries, but also the leap into electronic typesetting, remaining essentially unchanged. It was popularised in the 1960s with the release of Letraset sheets containing Lorem Ipsum passages, and more recently with desktop publishing software like Aldus PageMaker including versions of Lorem Ipsum.<strong>Lorem Ipsum</strong>&nbsp;is simply dummy text of the printing and typesetting industry. Lorem Ipsum has been the industry&#39;s standard dummy text ever since the 1500s, when an unknown printer took a galley of type and scrambled it to make a type specimen book. It has survived not only five centuries, but also the leap into electronic typesetting, remaining essentially unchanged. It was popularised in the 1960s with the release of Letraset sheets containing Lorem Ipsum passages, and more recently with desktop publishing software like Aldus PageMaker including versions of Lorem Ipsum.</p>", "slug": "rotary-henley"}}, {"model": "product.product", "pk": 18, "fields": {"created_at": "2023-07-05T23:20:12.370Z", "update_at": "2023-07-05T23:20:12.370Z", "title": "casio enticer", "brand": "casio", "category": 4, "status": "New", "description": "Lorem Ipsum is simply dummy text of the printing and typesetting industry. Lorem Ipsum has been the industry's standard dummy text ever since the 1500s, when an unknown printer took a galley of type and scrambled it to make a type specimen book. It has su", "detail": "<p><strong>Lorem Ipsum</strong>&nbsp;is simply dummy text of the printing and typesetting industry. Lorem Ipsum has been the industry&#39;s standard dummy text ever since the 1500s, when an unknown printer took a galley of type and scrambled it to make a type specimen book. It has survived not only five centuries, but also the leap into electronic typesetting, remaining essentially unchanged. It was popularised in the 1960s with the release of Letraset sheets containing Lorem Ipsum passages, and more recently with desktop publishing software like Aldus PageMaker including versions of Lorem Ipsum.<strong>Lorem Ipsum</strong>&nbsp;is simply dummy text of the printing and typesetting industry. Lorem Ipsum has been the industry&#39;s standard dummy text ever since the 1500s, when an unknown printer took a galley of type and scrambled it to make a type specimen book. It has survived not only five centuries, but also the leap into electronic typesetting, remaining essentially unchanged. It was popularised in the 1960s with the release of Letraset sheets containing Lorem Ipsum passages, and more recently with desktop publishing software like Aldus PageMaker including versions of Lorem Ipsum.</p>", "slug": "casio-enticer"}}, {"model": "product.variants", "pk": 1, "fields": {"created_at": "2023-07-05T23:21:50.705Z", "update_at": "2023-07-24T14:54:01.229Z", "title": "black nike sport bag", "product": 1, "stock": true, "price": 313.0, "discount_type": "PRECENT", "discount_amount": 32.0, "actual_price": 212.84, "slug": "black-nike-sport-bag"}}, {"model": "product.variants", "pk": 2, "fields": {"created_at": "2023-07-05T23:22:34.214Z", "update_at": "2023-07-24T14:53:28.643Z", "title": "white nike sport bag", "product": 1, "stock": true, "price": 312.0, "discount_type": null, "discount_amount": null, "actual_price": 312.0, "slug": "white-nike-sport-bag"}}, {"model": "product.variants", "pk": 3, "fields": {"created_at": "2023-07-05T23:23:16.966Z", "update_at": "2023-07-24T14:52:53.666Z", "title": "red nike sport bag", "product": 1, "stock": true, "price": 311.0, "discount_type": "PRECENT", "discount_amount": 50.0, "actual_price": 155.5, "slug": "red-nike-sport-bag"}}, {"model": "product.variants", "pk": 4, "fields": {"created_at": "2023-07-05T23:24:11.678Z", "update_at": "2023-07-24T14:52:08.186Z", "title": "blue adidas travel bag", "product": 2, "stock": true, "price": 199.99, "discount_type": null, "discount_amount": null, "actual_price": 199.99, "slug": "blue-adidas-spor-bag"}}, {"model": "product.variants", "pk": 5, "fields": {"created_at": "2023-07-05T23:25:25.784Z", "update_at": "2023-07-24T14:51:35.736Z", "title": "red adidas travel bag", "product": 2, "stock": true, "price": 199.99, "discount_type": "AMOUNT", "discount_amount": 39.99, "actual_price": 160.0, "slug": "red-adidas-travel-bag"}}, {"model": "product.variants", "pk": 6, "fields": {"created_at": "2023-07-05T23:26:50.503Z", "update_at": "2023-07-24T14:51:00.506Z", "title": "ua sport bag brown", "product": 3, "stock": true, "price": 323.0, "discount_type": null, "discount_amount": null, "actual_price": 323.0, "slug": "ua-sport-bag-brown"}}, {"model": "product.variants", "pk": 7, "fields": {"created_at": "2023-07-05T23:27:42.557Z", "update_at": "2023-07-24T14:50:19.530Z", "title": "ua sport bag black", "product": 3, "stock": true, "price": 292.0, "discount_type": null, "discount_amount": null, "actual_price": 292.0, "slug": "ua-sport-bag-black"}}, {"model": "product.variants", "pk": 8, "fields": {"created_at": "2023-07-05T23:28:21.153Z", "update_at": "2023-07-24T14:49:41.271Z", "title": "lacoste wallet", "product": 4, "stock": true, "price": 320.0, "discount_type": null, "discount_amount": null, "actual_price": 320.0, "slug": "lacoste-wallet-None"}}, {"model": "product.variants", "pk": 9, "fields": {"created_at": "2023-07-05T23:34:45.023Z", "update_at": "2023-07-24T14:48:40.493Z", "title": "white zara women purses", "product": 5, "stock": false, "price": 60.0, "discount_type": null, "discount_amount": null, "actual_price": 60.0, "slug": "white-zara-women-purses"}}, {"model": "product.variants", "pk": 10, "fields": {"created_at": "2023-07-05T23:35:48.416Z", "update_at": "2023-07-24T14:47:38.606Z", "title": "black zara women purses", "product": 5, "stock": true, "price": 60.0, "discount_type": null, "discount_amount": null, "actual_price": 60.0, "slug": "black-zara-women-purses"}}, {"model": "product.variants", "pk": 11, "fields": {"created_at": "2023-07-05T23:36:33.412Z", "update_at": "2023-07-24T14:46:54.768Z", "title": "azal pilot case", "product": 6, "stock": true, "price": 400.0, "discount_type": "PRECENT", "discount_amount": 20.0, "actual_price": 320.0, "slug": "azal-pilot-case"}}, {"model": "product.variants", "pk": 12, "fields": {"created_at": "2023-07-05T23:37:58.423Z", "update_at": "2023-07-24T14:46:26.028Z", "title": "qara gucci makasin", "product": 7, "stock": true, "price": 20.0, "discount_type": null, "discount_amount": null, "actual_price": 20.0, "slug": "qara-gucci-makasin"}}, {"model": "product.variants", "pk": 15, "fields": {"created_at": "2023-07-05T23:48:54.720Z", "update_at": "2023-07-24T14:45:07.551Z", "title": "red air jordan retro", "product": 8, "stock": true, "price": 300.0, "discount_type": "PRECENT", "discount_amount": 40.0, "actual_price": 180.0, "slug": "red-air-jordan-retro"}}, {"model": "product.variants", "pk": 16, "fields": {"created_at": "2023-07-05T23:49:49.998Z", "update_at": "2023-07-24T14:44:36.446Z", "title": "blue air jordan retro", "product": 8, "stock": true, "price": 300.0, "discount_type": null, "discount_amount": null, "actual_price": 300.0, "slug": "blue-air-jordan-retro"}}, {"model": "product.variants", "pk": 18, "fields": {"created_at": "2023-07-05T23:53:56.271Z", "update_at": "2023-07-24T14:43:36.507Z", "title": "rolex submarinere", "product": 15, "stock": true, "price": 2500.0, "discount_type": null, "discount_amount": null, "actual_price": 2500.0, "slug": "rolex-submariner"}}, {"model": "product.variants", "pk": 19, "fields": {"created_at": "2023-07-05T23:55:10.962Z", "update_at": "2023-07-24T14:42:51.131Z", "title": "tissot prx leather", "product": 16, "stock": true, "price": 499.99, "discount_type": "AMOUNT", "discount_amount": 119.99, "actual_price": 380.0, "slug": "tissot-prx-leather"}}, {"model": "product.variants", "pk": 20, "fields": {"created_at": "2023-07-05T23:55:47.805Z", "update_at": "2023-07-24T14:42:07.807Z", "title": "tissot prx cotton", "product": 16, "stock": false, "price": 499.99, "discount_type": null, "discount_amount": null, "actual_price": 499.99, "slug": "tissot-prx-cotton"}}, {"model": "product.variants", "pk": 21, "fields": {"created_at": "2023-07-13T10:12:30.134Z", "update_at": "2023-07-24T14:41:41.086Z", "title": "qirmizi qucci makasin", "product": 7, "stock": true, "price": 20.0, "discount_type": null, "discount_amount": null, "actual_price": 20.0, "slug": "qirmizi-qucci-makasin"}}, {"model": "product.options", "pk": 1, "fields": {"created_at": "2023-07-12T15:53:56.123Z", "update_at": "2023-07-12T21:47:40.945Z", "variant": 12, "quantity": 132, "stock": true, "property_value": [21, 6, 2]}}, {"model": "product.options", "pk": 2, "fields": {"created_at": "2023-07-12T15:54:08.767Z", "update_at": "2023-07-12T21:47:40.949Z", "variant": 12, "quantity": 1, "stock": true, "property_value": [21, 7, 2]}}, {"model": "product.options", "pk": 3, "fields": {"created_at": "2023-07-12T19:59:45.341Z", "update_at": "2023-07-24T14:41:21.441Z", "variant": 20, "quantity": 0, "stock": true, "property_value": [17]}}, {"model": "product.options", "pk": 4, "fields": {"created_at": "2023-07-12T19:59:51.713Z", "update_at": "2023-07-24T14:42:35.133Z", "variant": 19, "quantity": 5, "stock": true, "property_value": [21]}}, {"model": "product.options", "pk": 5, "fields": {"created_at": "2023-07-12T20:00:02.371Z", "update_at": "2023-07-12T20:00:02.371Z", "variant": 18, "quantity": 1, "stock": true, "property_value": [20]}}, {"model": "product.options", "pk": 6, "fields": {"created_at": "2023-07-12T20:00:39.576Z", "update_at": "2023-07-12T20:00:39.576Z", "variant": 16, "quantity": 1, "stock": true, "property_value": [6, 4]}}, {"model": "product.options", "pk": 7, "fields": {"created_at": "2023-07-12T20:00:39.578Z", "update_at": "2023-07-12T20:00:39.579Z", "variant": 16, "quantity": 13, "stock": true, "property_value": [7, 4]}}, {"model": "product.options", "pk": 8, "fields": {"created_at": "2023-07-12T20:00:58.721Z", "update_at": "2023-07-12T20:00:58.721Z", "variant": 15, "quantity": 1, "stock": true, "property_value": [7, 1]}}, {"model": "product.options", "pk": 9, "fields": {"created_at": "2023-07-12T20:00:58.724Z", "update_at": "2023-07-24T14:44:55.481Z", "variant": 15, "quantity": 8, "stock": true, "property_value": [8, 4]}}, {"model": "product.options", "pk": 10, "fields": {"created_at": "2023-07-12T21:47:40.954Z", "update_at": "2023-07-24T14:46:26.031Z", "variant": 12, "quantity": 5, "stock": true, "property_value": [21, 8, 2]}}, {"model": "product.options", "pk": 11, "fields": {"created_at": "2023-07-13T10:12:30.316Z", "update_at": "2023-07-24T14:40:56.470Z", "variant": 21, "quantity": 44, "stock": true, "property_value": [17, 9, 1]}}, {"model": "product.options", "pk": 12, "fields": {"created_at": "2023-07-13T10:12:39.524Z", "update_at": "2023-07-24T14:40:56.473Z", "variant": 21, "quantity": 0, "stock": false, "property_value": [17, 7, 1]}}, {"model": "product.options", "pk": 13, "fields": {"created_at": "2023-07-13T10:12:56.240Z", "update_at": "2023-07-24T14:40:56.475Z", "variant": 21, "quantity": 16, "stock": true, "property_value": [17, 6, 1]}}, {"model": "product.options", "pk": 14, "fields": {"created_at": "2023-07-24T14:44:22.883Z", "update_at": "2023-07-24T14:44:22.883Z", "variant": 16, "quantity": 0, "stock": false, "property_value": [8, 4]}}, {"model": "product.options", "pk": 15, "fields": {"created_at": "2023-07-24T14:46:26.034Z", "update_at": "2023-07-24T14:46:26.034Z", "variant": 12, "quantity": 1, "stock": false, "property_value": [21, 9, 2]}}, {"model": "product.options", "pk": 16, "fields": {"created_at": "2023-07-24T14:46:45.197Z", "update_at": "2023-07-24T14:46:45.197Z", "variant": 11, "quantity": 1, "stock": true, "property_value": [22, 2]}}, {"model": "product.options", "pk": 17, "fields": {"created_at": "2023-07-24T14:47:26.787Z", "update_at": "2023-07-24T14:47:26.787Z", "variant": 10, "quantity": 1, "stock": true, "property_value": [21, 2]}}, {"model": "product.options", "pk": 18, "fields": {"created_at": "2023-07-24T14:48:07.650Z", "update_at": "2023-07-24T14:48:07.650Z", "variant": 9, "quantity": 1, "stock": false, "property_value": [21, 5]}}, {"model": "product.options", "pk": 19, "fields": {"created_at": "2023-07-24T14:49:28.608Z", "update_at": "2023-07-24T14:49:28.608Z", "variant": 8, "quantity": 2, "stock": true, "property_value": [21, 3]}}, {"model": "product.options", "pk": 20, "fields": {"created_at": "2023-07-24T14:50:07.261Z", "update_at": "2023-07-24T14:50:07.261Z", "variant": 7, "quantity": 1, "stock": true, "property_value": [17, 2]}}, {"model": "product.options", "pk": 21, "fields": {"created_at": "2023-07-24T14:50:49.068Z", "update_at": "2023-07-24T14:50:49.068Z", "variant": 6, "quantity": 1, "stock": true, "property_value": [21, 3]}}, {"model": "product.options", "pk": 22, "fields": {"created_at": "2023-07-24T14:51:24.564Z", "update_at": "2023-07-24T14:51:24.564Z", "variant": 5, "quantity": 1, "stock": true, "property_value": [21, 1]}}, {"model": "product.options", "pk": 23, "fields": {"created_at": "2023-07-24T14:51:52.224Z", "update_at": "2023-07-24T14:51:52.224Z", "variant": 4, "quantity": 1, "stock": true, "property_value": [21, 4]}}, {"model": "product.options", "pk": 24, "fields": {"created_at": "2023-07-24T14:52:40.301Z", "update_at": "2023-07-24T14:52:40.301Z", "variant": 3, "quantity": 155, "stock": true, "property_value": [17, 1]}}, {"model": "product.options", "pk": 25, "fields": {"created_at": "2023-07-24T14:53:17.801Z", "update_at": "2023-07-24T14:53:17.801Z", "variant": 2, "quantity": 1, "stock": true, "property_value": [21, 5]}}, {"model": "product.options", "pk": 26, "fields": {"created_at": "2023-07-24T14:53:51.431Z", "update_at": "2023-07-24T14:53:51.431Z", "variant": 1, "quantity": 0, "stock": false, "property_value": [2]}}, {"model": "product.property", "pk": 1, "fields": {"created_at": "2023-07-05T23:02:45.997Z", "update_at": "2023-07-05T23:02:45.997Z", "property": "color"}}, {"model": "product.property", "pk": 2, "fields": {"created_at": "2023-07-05T23:02:51.641Z", "update_at": "2023-07-05T23:02:51.641Z", "property": "size"}}, {"model": "product.property", "pk": 3, "fields": {"created_at": "2023-07-05T23:02:56.891Z", "update_at": "2023-07-05T23:02:56.891Z", "property": "material"}}, {"model": "product.property", "pk": 4, "fields": {"created_at": "2023-07-05T23:03:11.327Z", "update_at": "2023-07-05T23:03:11.327Z", "property": "fit"}}, {"model": "product.propertyvalue", "pk": 1, "fields": {"created_at": "2023-07-05T23:03:25.820Z", "update_at": "2023-07-05T23:03:25.820Z", "values": "red", "property": 1}}, {"model": "product.propertyvalue", "pk": 2, "fields": {"created_at": "2023-07-05T23:03:35.161Z", "update_at": "2023-07-05T23:03:35.161Z", "values": "black", "property": 1}}, {"model": "product.propertyvalue", "pk": 3, "fields": {"created_at": "2023-07-05T23:03:43.239Z", "update_at": "2023-07-05T23:03:43.239Z", "values": "brown", "property": 1}}, {"model": "product.propertyvalue", "pk": 4, "fields": {"created_at": "2023-07-05T23:03:49.990Z", "update_at": "2023-07-05T23:03:49.990Z", "values": "blue", "property": 1}}, {"model": "product.propertyvalue", "pk": 5, "fields": {"created_at": "2023-07-05T23:03:56.320Z", "update_at": "2023-07-05T23:03:56.320Z", "values": "white", "property": 1}}, {"model": "product.propertyvalue", "pk": 6, "fields": {"created_at": "2023-07-05T23:04:01.251Z", "update_at": "2023-07-05T23:04:01.251Z", "values": "44", "property": 2}}, {"model": "product.propertyvalue", "pk": 7, "fields": {"created_at": "2023-07-05T23:04:05.670Z", "update_at": "2023-07-05T23:04:05.670Z", "values": "45", "property": 2}}, {"model": "product.propertyvalue", "pk": 8, "fields": {"created_at": "2023-07-05T23:04:11.461Z", "update_at": "2023-07-05T23:04:11.461Z", "values": "46", "property": 2}}, {"model": "product.propertyvalue", "pk": 9, "fields": {"created_at": "2023-07-05T23:04:16.325Z", "update_at": "2023-07-05T23:04:16.325Z", "values": "48", "property": 2}}, {"model": "product.propertyvalue", "pk": 10, "fields": {"created_at": "2023-07-05T23:04:22.825Z", "update_at": "2023-07-05T23:04:22.825Z", "values": "s", "property": 2}}, {"model": "product.propertyvalue", "pk": 11, "fields": {"created_at": "2023-07-05T23:04:27.808Z", "update_at": "2023-07-05T23:04:27.808Z", "values": "m", "property": 2}}, {"model": "product.propertyvalue", "pk": 12, "fields": {"created_at": "2023-07-05T23:04:32.751Z", "update_at": "2023-07-05T23:04:32.751Z", "values": "l", "property": 3}}, {"model": "product.propertyvalue", "pk": 13, "fields": {"created_at": "2023-07-05T23:04:37.610Z", "update_at": "2023-07-05T23:04:37.610Z", "values": "xl", "property": 3}}, {"model": "product.propertyvalue", "pk": 14, "fields": {"created_at": "2023-07-05T23:04:47.453Z", "update_at": "2023-07-05T23:04:47.453Z", "values": "slim", "property": 4}}, {"model": "product.propertyvalue", "pk": 15, "fields": {"created_at": "2023-07-05T23:05:09.077Z", "update_at": "2023-07-05T23:05:09.077Z", "values": "regular", "property": 4}}, {"model": "product.propertyvalue", "pk": 16, "fields": {"created_at": "2023-07-05T23:05:20.845Z", "update_at": "2023-07-05T23:05:20.845Z", "values": "skinny", "property": 4}}, {"model": "product.propertyvalue", "pk": 17, "fields": {"created_at": "2023-07-05T23:05:26.829Z", "update_at": "2023-07-05T23:05:26.829Z", "values": "cotton", "property": 3}}, {"model": "product.propertyvalue", "pk": 18, "fields": {"created_at": "2023-07-05T23:05:36.037Z", "update_at": "2023-07-05T23:05:36.038Z", "values": "silk", "property": 3}}, {"model": "product.propertyvalue", "pk": 19, "fields": {"created_at": "2023-07-05T23:05:43.963Z", "update_at": "2023-07-05T23:05:43.963Z", "values": "gold", "property": 3}}, {"model": "product.propertyvalue", "pk": 20, "fields": {"created_at": "2023-07-05T23:06:03.086Z", "update_at": "2023-07-05T23:06:03.086Z", "values": "sliver", "property": 3}}, {"model": "product.propertyvalue", "pk": 21, "fields": {"created_at": "2023-07-05T23:06:20.515Z", "update_at": "2023-07-05T23:06:20.515Z", "values": "leather", "property": 3}}, {"model": "product.propertyvalue", "pk": 22, "fields": {"created_at": "2023-07-05T23:36:12.340Z", "update_at": "2023-07-05T23:36:12.340Z", "values": "plastic", "property": 3}}, {"model": "product.images", "pk": 1, "fields": {"created_at": "2023-07-05T23:21:50.714Z", "update_at": "2023-07-24T14:54:01.231Z", "variant": 1, "image": "ProductImages/product2.jpg", "is_main": true}}, {"model": "product.images", "pk": 2, "fields": {"created_at": "2023-07-05T23:21:50.717Z", "update_at": "2023-07-24T14:53:51.429Z", "variant": 1, "image": "ProductImages/product2_SbAAYDp.jpg", "is_main": false}}, {"model": "product.images", "pk": 3, "fields": {"created_at": "2023-07-05T23:22:34.217Z", "update_at": "2023-07-24T14:53:28.645Z", "variant": 2, "image": "ProductImages/product1_sUGutYc.jpg", "is_main": true}}, {"model": "product.images", "pk": 4, "fields": {"created_at": "2023-07-05T23:22:34.219Z", "update_at": "2023-07-24T14:53:17.799Z", "variant": 2, "image": "ProductImages/product2_3WWFk9A.jpg", "is_main": false}}, {"model": "product.images", "pk": 5, "fields": {"created_at": "2023-07-05T23:23:16.972Z", "update_at": "2023-07-24T14:52:53.668Z", "variant": 3, "image": "ProductImages/product2_iYxvxCu.jpg", "is_main": true}}, {"model": "product.images", "pk": 6, "fields": {"created_at": "2023-07-05T23:23:16.974Z", "update_at": "2023-07-24T14:52:40.299Z", "variant": 3, "image": "ProductImages/product2_q8pH95g.jpg", "is_main": false}}, {"model": "product.images", "pk": 7, "fields": {"created_at": "2023-07-05T23:24:11.682Z", "update_at": "2023-07-24T14:52:08.188Z", "variant": 4, "image": "ProductImages/product1_bAK0ZHE.jpg", "is_main": true}}, {"model": "product.images", "pk": 8, "fields": {"created_at": "2023-07-05T23:24:11.683Z", "update_at": "2023-07-24T14:51:52.222Z", "variant": 4, "image": "ProductImages/product2_bICdo75.jpg", "is_main": false}}, {"model": "product.images", "pk": 9, "fields": {"created_at": "2023-07-05T23:25:25.789Z", "update_at": "2023-07-24T14:51:35.737Z", "variant": 5, "image": "ProductImages/product1_3GuyFPN.jpg", "is_main": true}}, {"model": "product.images", "pk": 10, "fields": {"created_at": "2023-07-05T23:25:25.791Z", "update_at": "2023-07-24T14:51:24.562Z", "variant": 5, "image": "ProductImages/product2_mrJcVu5.jpg", "is_main": false}}, {"model": "product.images", "pk": 11, "fields": {"created_at": "2023-07-05T23:26:50.506Z", "update_at": "2023-07-24T14:51:00.507Z", "variant": 6, "image": "ProductImages/product1_rk8kmMH.jpg", "is_main": true}}, {"model": "product.images", "pk": 12, "fields": {"created_at": "2023-07-05T23:26:50.508Z", "update_at": "2023-07-24T14:50:49.065Z", "variant": 6, "image": "ProductImages/product2_wK1kdxj.jpg", "is_main": false}}, {"model": "product.images", "pk": 13, "fields": {"created_at": "2023-07-05T23:27:42.560Z", "update_at": "2023-07-24T14:50:19.531Z", "variant": 7, "image": "ProductImages/product1_h22QXSA.jpg", "is_main": true}}, {"model": "product.images", "pk": 14, "fields": {"created_at": "2023-07-05T23:27:42.562Z", "update_at": "2023-07-24T14:50:07.258Z", "variant": 7, "image": "ProductImages/product2_0XUIvFN.jpg", "is_main": false}}, {"model": "product.images", "pk": 16, "fields": {"created_at": "2023-07-05T23:34:45.033Z", "update_at": "2023-07-24T14:48:26.045Z", "variant": 9, "image": "ProductImages/product1_KLtgLED.jpg", "is_main": true}}, {"model": "product.images", "pk": 17, "fields": {"created_at": "2023-07-05T23:34:45.036Z", "update_at": "2023-07-24T14:48:07.645Z", "variant": 9, "image": "ProductImages/product2_WZoFcv5.jpg", "is_main": false}}, {"model": "product.images", "pk": 18, "fields": {"created_at": "2023-07-05T23:34:45.037Z", "update_at": "2023-07-24T14:48:07.647Z", "variant": 9, "image": "ProductImages/product3_hAg8SmY.jpg", "is_main": false}}, {"model": "product.images", "pk": 19, "fields": {"created_at": "2023-07-05T23:35:48.422Z", "update_at": "2023-07-24T14:47:38.607Z", "variant": 10, "image": "ProductImages/product1_7dstmy2.jpg", "is_main": true}}, {"model": "product.images", "pk": 20, "fields": {"created_at": "2023-07-05T23:35:48.423Z", "update_at": "2023-07-24T14:47:26.783Z", "variant": 10, "image": "ProductImages/product2_XyZ6UBu.jpg", "is_main": false}}, {"model": "product.images", "pk": 21, "fields": {"created_at": "2023-07-05T23:35:48.425Z", "update_at": "2023-07-24T14:47:26.785Z", "variant": 10, "image": "ProductImages/product3.jpg", "is_main": false}}, {"model": "product.images", "pk": 22, "fields": {"created_at": "2023-07-05T23:36:33.418Z", "update_at": "2023-07-24T14:46:54.770Z", "variant": 11, "image": "ProductImages/product1_X6Tnyd4.jpg", "is_main": true}}, {"model": "product.images", "pk": 23, "fields": {"created_at": "2023-07-05T23:37:58.427Z", "update_at": "2023-07-24T14:46:26.029Z", "variant": 12, "image": "ProductImages/product1_d167A0V.jpg", "is_main": true}}, {"model": "product.images", "pk": 24, "fields": {"created_at": "2023-07-05T23:37:58.429Z", "update_at": "2023-07-24T14:45:33.692Z", "variant": 12, "image": "ProductImages/product2_xmao3nq.jpg", "is_main": false}}, {"model": "product.images", "pk": 29, "fields": {"created_at": "2023-07-05T23:48:54.724Z", "update_at": "2023-07-24T14:45:07.553Z", "variant": 15, "image": "ProductImages/product1_cxW5KRL.jpg", "is_main": true}}, {"model": "product.images", "pk": 30, "fields": {"created_at": "2023-07-05T23:48:54.725Z", "update_at": "2023-07-24T14:44:55.479Z", "variant": 15, "image": "ProductImages/product2_0GjZBL8.jpg", "is_main": false}}, {"model": "product.images", "pk": 31, "fields": {"created_at": "2023-07-05T23:49:50.002Z", "update_at": "2023-07-24T14:44:36.447Z", "variant": 16, "image": "ProductImages/product1_pyCzCwp.jpg", "is_main": true}}, {"model": "product.images", "pk": 32, "fields": {"created_at": "2023-07-05T23:49:50.004Z", "update_at": "2023-07-24T14:44:22.880Z", "variant": 16, "image": "ProductImages/product2_5JYOdJU.jpg", "is_main": false}}, {"model": "product.images", "pk": 35, "fields": {"created_at": "2023-07-05T23:53:56.275Z", "update_at": "2023-07-24T14:43:33.578Z", "variant": 18, "image": "ProductImages/product1_xpmIGJa.jpg", "is_main": true}}, {"model": "product.images", "pk": 36, "fields": {"created_at": "2023-07-05T23:55:10.966Z", "update_at": "2023-07-24T14:42:51.133Z", "variant": 19, "image": "ProductImages/product1_aSAPlVa.jpg", "is_main": true}}, {"model": "product.images", "pk": 37, "fields": {"created_at": "2023-07-05T23:55:10.967Z", "update_at": "2023-07-24T14:42:35.132Z", "variant": 19, "image": "", "is_main": false}}, {"model": "product.images", "pk": 38, "fields": {"created_at": "2023-07-05T23:55:47.808Z", "update_at": "2023-07-24T14:41:56.189Z", "variant": 20, "image": "ProductImages/product1_FUkFd4E.jpg", "is_main": true}}, {"model": "product.images", "pk": 39, "fields": {"created_at": "2023-07-24T14:41:41.088Z", "update_at": "2023-07-24T14:41:41.088Z", "variant": 21, "image": "ProductImages/product1_nV5s3X1.jpg", "is_main": true}}, {"model": "product.images", "pk": 40, "fields": {"created_at": "2023-07-24T14:41:41.091Z", "update_at": "2023-07-24T14:41:41.091Z", "variant": 21, "image": "ProductImages/product2.jpg", "is_main": false}}, {"model": "product.images", "pk": 41, "fields": {"created_at": "2023-07-24T14:49:28.606Z", "update_at": "2023-07-24T14:49:41.272Z", "variant": 8, "image": "ProductImages/product1_4vTxn0D.jpg", "is_main": true}}, {"model": "product.category", "pk": 1, "fields": {"parent": null, "title": "suits", "status": "False", "detail": "<p><strong>Lorem Ipsum</strong>&nbsp;is simply dummy text of the printing and typesetting industry. Lorem Ipsum has been the industry&#39;s standard dummy text ever since the 1500s, when an unknown printer took a galley of type and scrambled it to make a type specimen book. It has survived not only five centuries, but also the leap into electronic typesetting, remaining essentially unchanged. It was popularised in the 1960s with the release of Letraset sheets containing Lorem Ipsum passages, and more recently with desktop publishing software like Aldus PageMaker including versions of Lorem Ipsum.</p>", "slug": "suits", "image": "CategoriesImages/category.jpg", "create_at": "2023-07-05T22:53:00.782Z", "update_at": "2023-07-26T15:29:56.591Z", "lft": 1, "rght": 8, "tree_id": 3, "level": 0}}, {"model": "product.category", "pk": 2, "fields": {"parent": null, "title": "footwear", "status": "True", "detail": "<p><strong>Lorem Ipsum</strong>&nbsp;is simply dummy text of the printing and typesetting industry. Lorem Ipsum has been the industry&#39;s standard dummy text ever since the 1500s, when an unknown printer took a galley of type and scrambled it to make a type specimen book. It has survived not only five centuries, but also the leap into electronic typesetting, remaining essentially unchanged. It was popularised in the 1960s with the release of Letraset sheets containing Lorem Ipsum passages, and more recently with desktop publishing software like Aldus PageMaker including versions of Lorem Ipsum.</p>", "slug": "footwear", "image": "CategoriesImages/category_r83ABHh.jpg", "create_at": "2023-07-05T22:53:21.054Z", "update_at": "2023-07-24T14:37:16.995Z", "lft": 1, "rght": 6, "tree_id": 2, "level": 0}}, {"model": "product.category", "pk": 3, "fields": {"parent": null, "title": "bags", "status": "True", "detail": "<p><strong>Lorem Ipsum</strong>&nbsp;is simply dummy text of the printing and typesetting industry. Lorem Ipsum has been the industry&#39;s standard dummy text ever since the 1500s, when an unknown printer took a galley of type and scrambled it to make a type specimen book. It has survived not only five centuries, but also the leap into electronic typesetting, remaining essentially unchanged. It was popularised in the 1960s with the release of Letraset sheets containing Lorem Ipsum passages, and more recently with desktop publishing software like Aldus PageMaker including versions of Lorem Ipsum.</p>", "slug": "bags", "image": "CategoriesImages/category.jpg", "create_at": "2023-07-05T22:53:37.288Z", "update_at": "2023-07-24T14:37:08.040Z", "lft": 1, "rght": 10, "tree_id": 1, "level": 0}}, {"model": "product.category", "pk": 4, "fields": {"parent": null, "title": "watches", "status": "New", "detail": "<p><strong>Lorem Ipsum</strong>&nbsp;is simply dummy text of the printing and typesetting industry. Lorem Ipsum has been the industry&#39;s standard dummy text ever since the 1500s, when an unknown printer took a galley of type and scrambled it to make a type specimen book. It has survived not only five centuries, but also the leap into electronic typesetting, remaining essentially unchanged. It was popularised in the 1960s with the release of Letraset sheets containing Lorem Ipsum passages, and more recently with desktop publishing software like Aldus PageMaker including versions of Lorem Ipsum.</p>", "slug": "watches", "image": "CategoriesImages/category_wPulwXM.jpg", "create_at": "2023-07-05T22:54:06.641Z", "update_at": "2023-07-24T14:37:50.696Z", "lft": 1, "rght": 2, "tree_id": 4, "level": 0}}, {"model": "product.category", "pk": 5, "fields": {"parent": 3, "title": "sport bags", "status": "True", "detail": "<p><strong>Lorem Ipsum</strong>&nbsp;is simply dummy text of the printing and typesetting industry. Lorem Ipsum has been the industry&#39;s standard dummy text ever since the 1500s, when an unknown printer took a galley of type and scrambled it to make a type specimen book. It has survived not only five centuries, but also the leap into electronic typesetting, remaining essentially unchanged. It was popularised in the 1960s with the release of Letraset sheets containing Lorem Ipsum passages, and more recently with desktop publishing software like Aldus PageMaker including versions of Lorem Ipsum.</p>", "slug": "sport-bags", "image": "CategoriesImages/category_0QXluup.jpg", "create_at": "2023-07-05T22:54:39.941Z", "update_at": "2023-07-24T14:38:14.181Z", "lft": 6, "rght": 7, "tree_id": 1, "level": 1}}, {"model": "product.category", "pk": 6, "fields": {"parent": 3, "title": "travel bags", "status": "New", "detail": "<p><strong>Lorem Ipsum</strong>&nbsp;is simply dummy text of the printing and typesetting industry. Lorem Ipsum has been the industry&#39;s standard dummy text ever since the 1500s, when an unknown printer took a galley of type and scrambled it to make a type specimen book. It has survived not only five centuries, but also the leap into electronic typesetting, remaining essentially unchanged. It was popularised in the 1960s with the release of Letraset sheets containing Lorem Ipsum passages, and more recently with desktop publishing software like Aldus PageMaker including versions of Lorem Ipsum.</p>", "slug": "travel-bags", "image": "CategoriesImages/category_HEYhQuj.jpg", "create_at": "2023-07-05T22:55:08.122Z", "update_at": "2023-07-24T14:38:22.333Z", "lft": 8, "rght": 9, "tree_id": 1, "level": 1}}, {"model": "product.category", "pk": 7, "fields": {"parent": 3, "title": "purses", "status": "False", "detail": "<p><strong>Lorem Ipsum</strong>&nbsp;is simply dummy text of the printing and typesetting industry. Lorem Ipsum has been the industry&#39;s standard dummy text ever since the 1500s, when an unknown printer took a galley of type and scrambled it to make a type specimen book. It has survived not only five centuries, but also the leap into electronic typesetting, remaining essentially unchanged. It was popularised in the 1960s with the release of Letraset sheets containing Lorem Ipsum passages, and more recently with desktop publishing software like Aldus PageMaker including versions of Lorem Ipsum.</p>", "slug": "purses", "image": "CategoriesImages/category_VpoNM5h.jpg", "create_at": "2023-07-05T22:55:58.991Z", "update_at": "2023-07-24T14:38:05.498Z", "lft": 2, "rght": 5, "tree_id": 1, "level": 1}}, {"model": "product.category", "pk": 8, "fields": {"parent": 7, "title": "cart wallet", "status": "New", "detail": "<p><strong>Lorem Ipsum</strong>&nbsp;is simply dummy text of the printing and typesetting industry. Lorem Ipsum has been the industry&#39;s standard dummy text ever since the 1500s, when an unknown printer took a galley of type and scrambled it to make a type specimen book. It has survived not only five centuries, but also the leap into electronic typesetting, remaining essentially unchanged. It was popularised in the 1960s with the release of Letraset sheets containing Lorem Ipsum passages, and more recently with desktop publishing software like Aldus PageMaker including versions of Lorem Ipsum.</p>", "slug": "cart-wallet", "image": "CategoriesImages/category_cvCwdkq.jpg", "create_at": "2023-07-05T22:56:40.545Z", "update_at": "2023-07-24T14:38:32.015Z", "lft": 3, "rght": 4, "tree_id": 1, "level": 2}}, {"model": "product.category", "pk": 9, "fields": {"parent": 2, "title": "casual shoes", "status": "True", "detail": "<p><strong>Lorem Ipsum</strong>&nbsp;is simply dummy text of the printing and typesetting industry. Lorem Ipsum has been the industry&#39;s standard dummy text ever since the 1500s, when an unknown printer took a galley of type and scrambled it to make a type specimen book. It has survived not only five centuries, but also the leap into electronic typesetting, remaining essentially unchanged. It was popularised in the 1960s with the release of Letraset sheets containing Lorem Ipsum passages, and more recently with desktop publishing software like Aldus PageMaker including versions of Lorem Ipsum.</p>", "slug": "casual-shoes", "image": "CategoriesImages/category_gSabomC.jpg", "create_at": "2023-07-05T22:58:40.420Z", "update_at": "2023-07-24T14:38:55.527Z", "lft": 4, "rght": 5, "tree_id": 2, "level": 1}}, {"model": "product.category", "pk": 10, "fields": {"parent": 2, "title": "basketball shoes", "status": "New", "detail": "<p><strong>Lorem Ipsum</strong>&nbsp;is simply dummy text of the printing and typesetting industry. Lorem Ipsum has been the industry&#39;s standard dummy text ever since the 1500s, when an unknown printer took a galley of type and scrambled it to make a type specimen book. It has survived not only five centuries, but also the leap into electronic typesetting, remaining essentially unchanged. It was popularised in the 1960s with the release of Letraset sheets containing Lorem Ipsum passages, and more recently with desktop publishing software like Aldus PageMaker including versions of Lorem Ipsum.</p>", "slug": "basketball-shoes", "image": "CategoriesImages/category_iZp7iG0.jpg", "create_at": "2023-07-05T22:59:06.830Z", "update_at": "2023-07-24T14:39:00.873Z", "lft": 2, "rght": 3, "tree_id": 2, "level": 1}}, {"model": "product.category", "pk": 11, "fields": {"parent": 1, "title": "formal suits", "status": "True", "detail": "<p><strong>Lorem Ipsum</strong>&nbsp;is simply dummy text of the printing and typesetting industry. Lorem Ipsum has been the industry&#39;s standard dummy text ever since the 1500s, when an unknown printer took a galley of type and scrambled it to make a type specimen book. It has survived not only five centuries, but also the leap into electronic typesetting, remaining essentially unchanged. It was popularised in the 1960s with the release of Letraset sheets containing Lorem Ipsum passages, and more recently with desktop publishing software like Aldus PageMaker including versions of Lorem Ipsum.</p>", "slug": "formal-suits", "image": "CategoriesImages/category_jCvg1Ym.jpg", "create_at": "2023-07-05T23:01:26.275Z", "update_at": "2023-07-24T14:39:12.353Z", "lft": 2, "rght": 5, "tree_id": 3, "level": 1}}, {"model": "product.category", "pk": 12, "fields": {"parent": 1, "title": "smart suits", "status": "True", "detail": "<p><strong>Lorem Ipsum</strong>&nbsp;is simply dummy text of the printing and typesetting industry. Lorem Ipsum has been the industry&#39;s standard dummy text ever since the 1500s, when an unknown printer took a galley of type and scrambled it to make a type specimen book. It has survived not only five centuries, but also the leap into electronic typesetting, remaining essentially unchanged. It was popularised in the 1960s with the release of Letraset sheets containing Lorem Ipsum passages, and more recently with desktop publishing software like Aldus PageMaker including versions of Lorem Ipsum.</p>", "slug": "smart-suits", "image": "CategoriesImages/category_cro5LsD.jpg", "create_at": "2023-07-05T23:01:57.743Z", "update_at": "2023-07-24T14:39:24.171Z", "lft": 6, "rght": 7, "tree_id": 3, "level": 1}}, {"model": "product.category", "pk": 13, "fields": {"parent": 11, "title": "wedding suits", "status": "New", "detail": "<p><strong>Lorem Ipsum</strong>&nbsp;is simply dummy text of the printing and typesetting industry. Lorem Ipsum has been the industry&#39;s standard dummy text ever since the 1500s, when an unknown printer took a galley of type and scrambled it to make a type specimen book. It has survived not only five centuries, but also the leap into electronic typesetting, remaining essentially unchanged. It was popularised in the 1960s with the release of Letraset sheets containing Lorem Ipsum passages, and more recently with desktop publishing software like Aldus PageMaker including versions of Lorem Ipsum.</p>", "slug": "wedding-suits", "image": "CategoriesImages/category_HmV0GLM.jpg", "create_at": "2023-07-05T23:02:36.203Z", "update_at": "2023-07-24T14:39:34.158Z", "lft": 3, "rght": 4, "tree_id": 3, "level": 2}}]